{
  "mae": 1.1549345046452115,
  "rmse": 2.684122114314589,
  "r2": 0.9171244510920706
}