{
  "mae": 0.6846035248892648,
  "rmse": 2.0745157705188584,
  "r2": 0.9576953554486666
}