{
  "mae": 0.6349255901360522,
  "rmse": 2.0669313984552016,
  "r2": 0.9580041192111706
}