{
  "mae": 1.4548030986394553,
  "rmse": 2.9140473636566657,
  "r2": 0.9023178769488103
}